ALIN-BLU-SS-001-01,SR-A100-ALIN
STUS-RED-SS-003-01,SR-A100-STUS
STUS-RED-MM-003-01,SR-A100-STUS
ALIN-BLU-LL-001-01,SR-A100-ALIN
STUS-RED-LL-003-01,SR-A100-STUS
ALIN-BLU-LL-001-02,SR-A100-ALIN
CAVE-BWN-LL-002-01,SR-A100-CAVE
CAVE-BWN-MM-002-01,SR-A100-CAVE
CAVE-BWN-SS-002-01,SR-A100-CAVE
CPFM-GRN-LL-002-02
CPFM-GRN-LL-002-01
JOEL-WTE-SS-003-01,SR-A100-JOEL
JOEL-WTE-MM-003-01,SR-A100-JOEL
CPFM-GRN-SS-002-01,C-A100-0120
JOEL-WTE-LL-003-01
MOMA-BLU-LL-001-01,SR-A100-MOMA
MOMA-BLU-MM-001-01,SR-A100-MOMA
MOMA-BLU-SS-001-01,SR-A100-MOMA
MOMA-BLK-LL-002-01,SR-A100-MOMA
MOMA-BLK-SS-002-01,SR-A100-MOMA
MOMA-BLK-MM-002-01,SR-A100-MOMA
YZY-BLK-SS-001-01
YZY-BLK-MM-001-01,SR-A100-YZY
YZY-BLK-LL-001-01,SR-A100-YZY
YZY-BLK-MM-001-02,SR-A100-YZY
YZY-BLK-LL-001-02,SR-A100-YZY
YZY-BLK-LL-002-01
YZY-BLK-LL-002-02,C-A100-0333
YZY-BLK-SS-002-01,C-A100-0336
YZY-BLK-MM-002-02,C-A100-0335
YZY-BLK-MM-002-01,C-A100-0334
PSCO-PRP-SS-001-01,SR-A100-PSCO
PSCO-PRP-MM-001-01,SR-A100-PSCO
PSCO-PRP-LL-001-01,SR-A100-PSCO
GUCC-BLK-LL-001-01,C-A100-0157
AMIR-BLK-MM-003-01
GUCC-BLK-SS-001-01,C-A100-0163
AMIR-BLK-SS-003-01,C-A100-0072
BLAN-BLK-SS-001-01,SR-A100-BLAN
AMIR-BLK-LL-003-01,C-A100-0070
BLAN-BLK-MM-001-01,SR-A100-BLAN
BLAN-BLK-XL-001-01,SR-A100-BLAN
NANA-BLU-SS-001-01,SR-A100-NANA
NANA-BLU-MM-001-01,SR-A100-NANA
BLAN-BLK-LL-001-02,SR-A100-BLAN
BLAN-BLK-LL-001-01,SR-A100-BLAN
NANA-BLU-LL-001-01,SR-A100-NANA
AMIR-BLU-MM-002-01,C-A100-0076
AMIR-BLU-SS-002-01,C-A100-0078
AMIR-BLU-LL-002-01
DUVE-BLU-MM-001-01,SR-A100-DUVE
DUVE-BLU-LL-001-01,SR-A100-DUVE
DUVE-RED-LL-002-01,SR-A100-DUVE
DUVE-RED-MM-002-01,SR-A100-DUVE
DUVE-RED-SS-002-01,SR-A100-DUVE
DUVE-BLU-SS-001-01,SR-A100-DUVE
JOEL-BLK-SS-001-01,SR-A100-JOEL
AMBU-ORG-SS-003-01,SR-A100-AMBU
PLTO-GRY-SS-001-01,SR-A100-PLTO
AMBU-ORG-MM-003-01,SR-A100-AMBU
AMBU-ORG-LL-003-01,SR-A100-AMBU
PLTO-GRY-LL-001-01,SR-A100-PLTO
PLTO-GRY-MM-001-01,SR-A100-PLTO
STIS-BLK-LL-005-01
PLSR-PRP-SS-003-01,SR-A100-PLSR
STIS-BLK-SS-005-01,C-A100-0314
STIS-BLK-MM-005-01,C-A100-0312
PLSR-PRP-MM-003-01,SR-A100-PLSR
PLSR-PRP-LL-003-01,SR-A100-PLSR
DVNN-BLK-SS-003-01,SR-A100-DVNN
DVNN-BLK-MM-003-01,SR-A100-DVNN
STUS-RED-MM-001-01,SR-A100-STUS
DVNN-BLK-LL-003-01,SR-A100-DVNN
STUS-RED-LL-001-01,SR-A100-STUS
STUS-RED-SS-001-01,SR-A100-STUS
Y3NY-BLK-SS-002-01,SR-A100-Y3NY
Y3NY-BLK-LL-002-01,SR-A100-Y3NY
Y3NY-BLK-MM-002-01,SR-A100-Y3NY
ACNE-BLK-LL-003-01,C-A100-0016
ACNE-BLK-MM-003-01,C-A100-0019
ACNE-BLK-SS-003-01,C-A100-0022
ACNE-PNK-LL-004-01,C-A100-0026
ACNE-PNK-SS-004-01,C-A100-0201
ACNE-PNK-MM-004-01,C-A100-0027
BLRS-BWN-SS-001-01,SR-A100-BLRS
SNDO-GRY-SS-001-01
SNDO-GRY-LL-001-01,SR-A100-SNDO
SNDO-GRY-MM-001-01,SR-A100-SNDO
BLRS-BWN-LL-001-01
KENZ-BLU-SS-001-01,SR-A100-KENZ
BLRS-BWN-MM-001-01,SR-A100-BLRS
KENZ-BLU-LL-001-01,SR-A100-KENZ
KENZ-BLU-MM-001-01,SR-A100-KENZ
MONC-BLU-SS-001-01,SR-A100-MONC
MONC-BLU-MM-001-01,SR-A100-MONC
ACNE-BLK-MM-001-01,C-A100-0134
ACNE-BLK-SS-001-01
MONC-BLU-LL-001-01
ACNE-BLK-LL-001-01,C-A100-0015
ACNE-BLU-MM-002-01,SR-A100-ACNE
ACNE-BLU-LL-002-01,SR-A100-ACNE
ACNE-BLU-SS-002-01,SR-A100-ACNE
ALDE-RED-SS-001-01,C-A100-0063
ALDE-GRN-SS-002-01,C-A100-0050
ALDE-RED-LL-001-01
ALDE-GRN-MM-002-01,C-A100-0048
ALDE-RED-MM-001-01,C-A100-0062
ALDE-GRN-LL-002-01,C-A100-0046
BIYD-GRN-LL-002-01,SR-A100-BIYD
BIYD-GRN-SS-002-01,SR-A100-BIYD
BIYD-GRN-XL-002-01,SR-A100-BIYD
BIYD-PRP-SS-001-01,SR-A100-BIYD
BIYD-PRP-MM-001-01,SR-A100-BIYD
MTRO-GRN-MM-001-01,SR-A100-MTRO
BIYD-PRP-LL-001-01,SR-A100-BIYD
MTRO-GRN-SS-001-01,SR-A100-MTRO
STIS-GRN-SS-002-01,C-A100-0320
MTRO-GRN-LL-001-01,SR-A100-MTRO
STIS-GRN-LL-002-01,C-A100-0072
STIS-GRN-MM-002-01,C-A100-0319
STIS-BLK-LL-003-01,C-A100-0309
STIS-BLK-SS-003-01,C-A100-0313
CDGS-WTE-SS-002-01,C-A100-0117
STIS-BLK-MM-003-01,C-A100-0311
CDGS-BLK-SS-001-01,C-A100-0107
CDGS-WTE-LL-002-01
CDGS-WTE-XL-002-01,C-A100-0118
CDGS-WTE-MM-002-01,C-A100-0116
CDGS-BLK-MM-001-01,C-A100-0104
CDGS-BLK-LL-001-01,C-A100-0101
CAVE-GRN-SS-001-01,SR-A100-CAVE
CDGS-BLK-XL-001-01,C-A100-0109
CAVE-GRN-MM-001-01,SR-A100-CAVE
AMIR-BLU-LL-001-01
AMIR-BLU-SS-001-01,C-A100-0077
CAVE-GRN-LL-001-01,SR-A100-CAVE
AMIR-BLU-MM-001-01,C-A100-0075
GUCC-BLK-MM-002-01
GUCC-BLK-SS-002-01
MAMU-GRY-SS-001-01,SR-A100-MAMU
MAMU-GRY-MM-001-01,SR-A100-MAMU
GUCC-BLK-LL-002-01,C-A100-0330
BABR-BLK-SS-001-01,SR-A100-BABR
MAMU-GRY-LL-001-01,SR-A100-MAMU
BABR-BLK-MM-001-01
SNDO-GRY-SS-002-01
BABR-BLK-LL-001-01,SR-A100-BABR
HEPR-WTE-MM-001-01,SR-A100-HEPR
SNDO-GRY-MM-002-01,C-A100-0228
HEPR-WTE-SS-001-01
SNDO-GRY-LL-002-01,C-A100-0303
JOEL-BLK-LL-002-01,SR-A100-JOEL
JOEL-BLK-SS-002-01,SR-A100-JOEL
JOEL-BLK-MM-002-01,SR-A100-JOEL
HEPR-WTE-LL-001-01,SR-A100-HEPR
ONLY-BLU-SS-002-01,SR-A100-ONLY
STIS-GRY-SS-004-01,SR-A100-STIS
STIS-GRY-LL-004-01,SR-A100-STIS
STIS-GRY-MM-004-01,SR-A100-STIS
ONLY-BLU-MM-002-01,SR-A100-ONLY
PAAN-RED-MM-001-01,SR-A100-PAAN
PAAN-RED-LL-001-01,SR-A100-PAAN
ONLY-BLU-LL-002-01,SR-A100-ONLY
PAAN-RED-SS-001-01,SR-A100-PAAN
SCAI-BLU-LL-001-01,C-A100-0300
SCAI-BLU-MM-001-01,C-A100-0301
SCAI-BLU-SS-001-01
JOEL-WTE-MM-005-01,SR-A100-JOEL
JOEL-RED-MM-004-01,SR-A100-JOEL
JOEL-RED-SS-004-01,SR-A100-JOEL
JOEL-RED-LL-004-01,SR-A100-JOEL
JOEL-WTE-SS-005-01,SR-A100-JOEL
PRDA-PNK-MM-001-01
PRDA-PNK-LL-001-01
JOEL-WTE-XL-005-01,SR-A100-JOEL
EQUI-RED-SS-001-01,SR-A100-EQUI
EQUI-RED-LL-001-01,SR-A100-EQUI
STIS-GRN-SS-001-01,SR-A100-STIS
EQUI-RED-MM-001-01,SR-A100-EQUI
STIS-GRN-LL-001-01,SR-A100-STIS
CRGR-BLU-LL-001-02,SR-A100-CRGR
STIS-GRN-MM-001-01,SR-A100-STIS
CRGR-BLU-LL-001-01,SR-A100-CRGR
CRGR-BLK-MM-002-02,SR-A100-CRGR
CRGR-BLU-MM-001-02,SR-A100-CRGR
CRGR-BLK-LL-002-01
CRGR-BLK-SS-002-01
CRGR-BLU-XL-001-01,SR-A100-CRGR
CRGR-BLK-LL-002-02
CRGR-BLK-SS-002-02,SR-A100-CRGR
CRGR-BLU-MM-001-01,SR-A100-CRGR
CRGR-BLK-MM-002-01,SR-A100-CRGR
CRGR-BLU-SS-001-01,SR-A100-CRGR
DVNN-BLK-MM-002-01,SR-A100-DVNN
CRGR-BLK-XL-002-01,SR-A100-CRGR
PLSR-RED-MM-004-01,SR-A100-PLSR
CDGS-BLK-SS-005-01
PLSR-RED-LL-004-01,SR-A100-PLSR
CDGS-BLK-MM-005-01,C-A100-0106
CDGS-BLK-LL-005-01,C-A100-0103
DEVA-GRY-SS-001-01,SR-A100-DEVA
PLSR-RED-SS-004-01
DEVA-GRY-MM-001-01,SR-A100-DEVA
DEVA-GRY-LL-001-01,SR-A100-DEVA
OURL-BWN-MM-003-01,SR-A100-OURL
OURL-BWN-SS-003-01,SR-A100-OURL
OURL-BWN-LL-003-01,SR-A100-OURL
MAHO-BWN-SS-001-01,SR-A100-MAHO
MAHO-BWN-LL-001-01
AMBU-RED-LL-001-01,SR-A100-AMBU
AMBU-RED-SS-001-01,SR-A100-AMBU
MAHO-BWN-MM-001-01,SR-A100-MAHO
AMBU-RED-MM-001-01,SR-A100-AMBU
AMBU-BLU-LL-002-01,SR-A100-AMBU
AMBU-BLU-MM-002-01,SR-A100-AMBU
AMBU-BLU-SS-002-01,SR-A100-AMBU
CPFM-YLW-SS-001-01,C-A100-0126
STUS-GRN-LL-002-01,SR-A100-STUS
STUS-GRN-MM-002-01,SR-A100-STUS
STUS-GRN-SS-002-01,SR-A100-STUS
CPFM-YLW-MM-001-01,C-A100-0124
CPFM-YLW-LL-001-01,C-A100-0122
DVNN-BLU-LL-001-01,C-A100-0142
DVNN-BLU-MM-001-01,C-A100-0143
NORF-BWN-LL-001-01,SR-A100-NORF
NORF-BWN-SS-001-01,SR-A100-NORF
NORF-BWN-MM-001-01,SR-A100-NORF
PLSR-GRN-MM-002-01,SR-A100-PLSR
PLSR-GRN-LL-002-01,SR-A100-PLSR
ONLY-BLU-MM-001-01,SR-A100-ONLY
ONLY-BLU-SS-001-01,SR-A100-ONLY
PLSR-GRN-XL-002-01,SR-A100-PLSR
BURB-ORG-MM-001-01
BURB-ORG-LL-001-01,SR-A100-BURB
ONLY-BLU-LL-001-01,SR-A100-ONLY
BURB-ORG-XS-001-01,SR-A100-BURB
PSCO-GRN-LL-002-01,SR-A100-PSCO
PSCO-GRN-SS-002-01,SR-A100-PSCO
DVNN-BLU-MM-004-01,C-A100-0144
PSCO-GRN-MM-002-01,SR-A100-PSCO
DVNN-BLU-SS-004-01,C-A100-0145
OURL-ORG-SS-001-01
OURL-ORG-LL-001-01,SR-A100-OURL
OURL-ORG-MM-001-01,SR-A100-OURL
PLSR-BWN-XL-001-01,SR-A100-PLSR
NOAH-BLK-SS-001-01,C-A100-0236
PLSR-BWN-MM-001-01,SR-A100-PLSR
PLSR-BWN-LL-001-01,SR-A100-PLSR
WLRH-GRN-SS-001-01,SR-A100-WLRH
WLRH-GRN-MM-001-01,SR-A100-WLRH
NOAH-BLK-MM-001-01,C-A100-0234
NOAH-BLK-LL-001-01,C-A100-0232
WLRH-GRN-XS-001-01,SR-A100-WLRH
STIS-ORG-SS-006-01,C-A100-0323
STIS-ORG-MM-006-01,C-A100-0322
STIS-ORG-LL-006-01
SNDO-RED-MM-003-01
SNDO-RED-LL-003-01
JISA-BWN-SS-001-01,SR-A100-JISA
SNDO-RED-SS-003-01,SR-A100-SNDO
JISA-BWN-MM-001-01,SR-A100-JISA
JISA-BWN-LL-001-01
BABR-BLK-MM-002-01,SR-A100-BABR
MKTS-GRY-LL-001-01,SR-A100-MKTS
BABR-BLK-LL-002-01,SR-A100-BABR
MKTS-GRY-SS-001-01,SR-A100-MKTS
OFFW-GRY-LL-001-01,C-A100-0253
MKTS-GRY-MM-001-01,SR-A100-MKTS
OFFW-GRY-SS-001-01,C-A100-0255
OFFW-GRY-MM-001-01,C-A100-0254
GUCC-BLK-LL-003-01,C-A100-0159
GUCC-BLK-MM-003-01,C-A100-0162
GUCC-BLK-SS-003-01
CDGS-BLK-MM-006-01,SR-A100-CDGS
CDGS-BLK-LL-006-01,SR-A100-CDGS
CDGS-BLK-SS-006-01,SR-A100-CDGS
CDGS-BLU-MM-007-01,SR-A100-CDGS
CDGS-BLU-LL-007-01,SR-A100-CDGS
CDGS-BLU-SS-007-01,SR-A100-CDGS
CDGS-GRN-LL-008-01,SR-A100-CDGS
CDGS-BWN-SS-009-01,SR-A100-CDGS
CDGS-BWN-MM-009-01,SR-A100-CDGS
CDGS-BWN-LL-009-01,SR-A100-CDGS
CDGS-GRN-SS-008-01,SR-A100-CDGS
CDGS-GRN-MM-008-01,SR-A100-CDGS
STUS-PNK-SS-005-01,SR-A100-STUS
STUS-PNK-LL-005-01,SR-A100-STUS
STUS-PNK-MM-005-01,SR-A100-STUS
ALST-BLK-LL-002-01,SR-A100-ALST
ALST-BLK-MM-002-01,SR-A100-ALST
ALST-BLK-LL-001-01,SR-A100-ALST
ALST-BLK-MM-001-01,SR-A100-ALST
ALST-BLK-SS-002-01,SR-A100-ALST
ALDE-GRY-MM-003-01,SR-A100-ALDE
ALDE-GRY-LL-003-01,SR-A100-ALDE
ALST-BLK-SS-001-01,SR-A100-ALST
ALDE-GRY-SS-003-01,SR-A100-ALDE
JNYA-GRN-LL-001-01,SR-A100-JNYA
JNYA-GRN-MM-001-01,SR-A100-JNYA
JNYA-GRN-SS-001-01,SR-A100-JNYA
CAVE-ORG-LL-005-01,SR-A100-CAVE
ACNE-BWN-LL-005-01,SR-A100-ACNE
CAVE-ORG-SS-005-01,SR-A100-CAVE
CAVE-ORG-MM-005-01,SR-A100-CAVE
ACNE-BWN-MM-005-01,SR-A100-ACNE
LEVI-BLU-LL-004-01,SR-A100-LEVI
ACNE-BWN-SS-005-01,SR-A100-ACNE
LEVI-BLU-LL-003-01,SR-A100-LEVI
LEVI-BLU-MM-004-01,SR-A100-LEVI
LEVI-BLU-SS-004-01,SR-A100-LEVI
LEVI-BLU-SS-003-01,SR-A100-LEVI
CPFM-GRY-MM-003-01,C-A100-0121
LEVI-BLU-MM-003-01
SDAY-GRN-LL-001-01,SR-A100-SDAY
SDAY-GRN-SS-001-01,SR-A100-SDAY
SDAY-GRN-MM-001-01,SR-A100-SDAY
SDAY-GRY-SS-002-01,SR-A100-SDAY
SDAY-GRY-MM-002-01,SR-A100-SDAY
SDAY-GRY-LL-002-01,SR-A100-SDAY
LEVI-RED-LL-002-01,SR-A100-LEVI
LEVI-RED-MM-002-01,SR-A100-LEVI
LEVI-RED-SS-002-01,SR-A100-LEVI
LEVI-BLK-LL-001-01,SR-A100-LEVI
LEVI-BLK-MM-001-01,SR-A100-LEVI
PMOS-RED-LL-002-01,SR-A100-PMOS
LEVI-BLK-SS-001-01,SR-A100-LEVI
PMOS-RED-MM-002-01
PMOS-RED-SS-002-01,SR-A100-PMOS
PMOS-BLK-LL-001-01,SR-A100-PMOS
PMOS-BLK-SS-001-01,SR-A100-PMOS
PMOS-BLK-MM-001-01,SR-A100-PMOS
STUS-BLU-LL-004-01,SR-A100-STUS
STUS-BLU-MM-004-01,SR-A100-STUS
STUS-BLU-SS-004-01,SR-A100-STUS
STIS-BLU-LL-007-01,SR-A100-STIS
STIS-BLU-MM-007-01
OURL-GRN-LL-002-01,SR-A100-OURL
OURL-GRN-SS-002-01,SR-A100-OURL
OURL-GRN-MM-002-01,SR-A100-OURL
CDGS-GRY-LL-004-01,C-A100-0113
AMIR-BLU-MM-004-01,SR-A100-AMIR
AMIR-BLU-SS-004-01,SR-A100-AMIR
AMIR-BLU-LL-004-01,SR-A100-AMIR
CDGS-GRY-SS-004-01,C-A100-0115
CDGS-GRY-MM-004-01,C-A100-0114
CDGS-BLK-LL-003-01
CDGS-BLK-MM-003-01
CDGS-BLK-SS-003-01,C-A100-0108
DUO-BLU-SS-002-01,SR-A100-DUO
DUO-BLU-MM-002-01,SR-A100-DUO
DUO-BLU-LL-002-01,SR-A100-DUO
DUO-BLU-MM-001-01,SR-A100-DUO
DUO-BLU-SS-001-01,SR-A100-DUO
DUO-BLU-LL-001-01,SR-A100-DUO
BTWL-WTE-SS-001-01,SR-A100-BTWL
BTWL-WTE-MM-001-01,SR-A100-BTWL
INVS-BLU-MM-001-01,SR-A100-INVS
INVS-RED-LL-003-01,SR-A100-INVS
INVS-RED-XL-003-01,SR-A100-INVS
INVS-BLU-XL-001-01,SR-A100-INVS
INVS-BLK-LL-002-01,SR-A100-INVS
INVS-BLU-SS-001-01,SR-A100-INVS
INVS-BLK-SS-002-01,SR-A100-INVS
INVS-BLK-MM-002-01,SR-A100-INVS
VLKR-GRY-SS-003-01,C-A100-0331
VLKR-GRY-MM-003-01,C-A100-0330
VLKR-GRY-MM-003-02
VLKR-WTE-LL-001-01,SR-A100-VLKR
VLKR-WTE-MM-001-01,SR-A100-VLKR
VLKR-BWN-MM-002-02,SR-A100-VLKR
VLKR-BWN-SS-002-01,SR-A100-VLKR
VLKR-BWN-MM-002-01,SR-A100-VLKR
VLKR-WTE-SS-001-02,SR-A100-VLKR
VLKR-WTE-SS-001-01,SR-A100-VLKR
BTWL-WTE-LL-001-01,SR-A100-BTWL
CARH-GRN-LL-002-01,SR-A100-CARH
CARH-GRN-MM-002-01,SR-A100-CARH
CARH-GRN-SS-002-01,SR-A100-CARH
CARH-BLK-MM-001-01,SR-A100-CARH
CARH-BLK-LL-001-01,SR-A100-CARH
MKTS-BLU-MM-002-01
CARH-BLK-SS-001-01,SR-A100-CARH
ACNE-BLU-MM-009-01
MKTS-BLU-LL-002-01,C-A100-0220
ACNE-BLU-LL-009-01,C-A100-0024
ACNE-BLU-SS-009-01
ACNE-BLK-LL-008-01
ACNE-BLK-SS-008-01,C-A100-0023
ACNE-BLK-MM-008-01,C-A100-0020
ACNE-PRP-LL-007-01,SR-A100-ACNE
ACNE-PRP-MM-007-01,SR-A100-ACNE
PRDA-BLU-LL-002-01,SR-A100-PRDA
ACNE-PRP-SS-007-01,SR-A100-ACNE
PRDA-BLU-SS-002-01,SR-A100-PRDA
PRDA-BLU-MM-002-01,SR-A100-PRDA
ALST-BLK-MM-005-01,SR-A100-ALST
ALST-BLK-LL-005-01,SR-A100-ALST
ALST-BLK-LL-004-01,SR-A100-ALST
ALST-BLK-XL-005-01
ALST-BLK-XL-004-01,SR-A100-ALST
ALST-BLK-MM-004-01,SR-A100-ALST
ALST-BLK-XL-003-01
ALST-BLK-LL-003-01,SR-A100-ALST
ALST-BLK-MM-003-01,SR-A100-ALST
Y3NY-WTE-MM-003-01,SR-A100-Y3NY
Y3NY-WTE-LL-003-01,SR-A100-Y3NY
Y3NY-WTE-SS-003-01,SR-A100-Y3NY
Y3NY-BLK-LL-001-01,SR-A100-Y3NY
Y3NY-BLK-SS-001-01,SR-A100-Y3NY
Y3NY-BLK-MM-001-01,SR-A100-Y3NY
KENZ-BLU-SS-002-01,SR-A100-KENZ
KENZ-BLU-LL-002-01,SR-A100-KENZ
KENZ-BLU-MM-002-01,SR-A100-KENZ
NOAH-BLK-LL-002-01,SR-A100-NOAH
NOAH-BLK-MM-002-01,SR-A100-NOAH
ENGM-GRN-MM-001-01,C-A100-0150
NOAH-BLK-SS-002-01,SR-A100-NOAH
ENGM-GRN-LL-001-01,C-A100-0149
SCAI-BWN-LL-004-01,SR-A100-SCAI
ENGM-GRN-SS-001-01
SCAI-BWN-SS-002-01,SR-A100-SCAI
SCAI-BWN-MM-004-01,SR-A100-SCAI
ACNE-GRN-LL-006-01,SR-A100-ACNE
ACNE-YLW-SS-010-01,SR-A100-ACNE
ACNE-YLW-LL-010-01,SR-A100-ACNE
ACNE-YLW-MM-010-01,SR-A100-ACNE
SCAI-GRN-MM-003-01
SCAI-GRN-LL-003-01,SR-A100-SCAI
SCAI-GRN-SS-003-01,SR-A100-SCAI
FOGD-PRP-LL-002-01,C-A100-0219
FOGD-PRP-SS-002-01,C-A100-0155
FOGD-PRP-MM-002-01,C-A100-0154
JOEL-GRY-SS-006-01,SR-A100-JOEL
JOEL-GRY-MM-006-01,SR-A100-JOEL
JOEL-GRY-LL-006-01,SR-A100-JOEL
HEPR-YLW-SS-002-01,SR-A100-HEPR
FOGD-WTE-LL-001-01,C-A100-0156
HEPR-YLW-MM-002-01,SR-A100-HEPR
HEPR-YLW-LL-002-01,SR-A100-HEPR
MONC-BLK-SS-002-01,SR-A100-MONC
MONC-BLK-MM-002-01,SR-A100-MONC
MONC-BLK-LL-002-01,SR-A100-MONC
RHUD-BLK-SS-001-01,SR-A100-RHUD
RHUD-BLK-LL-001-01,SR-A100-RHUD
RHUD-BLK-MM-001-01,SR-A100-RHUD
RHUD-GRN-MM-003-01
RHUD-GRN-LL-003-01,SR-A100-RHUD
STIS-BLK-SS-008-01,SR-A100-STIS
STIS-BLK-LL-008-01,SR-A100-STIS
STIS-BLK-MM-008-01
HEPR-ORG-SS-003-01,SR-A100-HEPR
HEPR-ORG-MM-003-01,SR-A100-HEPR
HEPR-ORG-LL-003-01,SR-A100-HEPR
STIS-ORG-MM-009-01,SR-A100-STIS
STIS-ORG-LL-009-01,SR-A100-STIS
STIS-ORG-SS-009-01,SR-A100-STIS
BURB-BWN-SS-002-01,C-A100-0100
BURB-BWN-MM-002-01,C-A100-0099
BURB-BWN-LL-002-01
MTRO-PRP-MM-002-01,SR-A100-MTRO
MTRO-PRP-LL-002-01,SR-A100-MTRO
MTRO-PRP-SS-002-01,SR-A100-MTRO
AMIR-WTE-SS-006-01,SR-A100-AMIR
AMIR-BLU-LL-005-01,SR-A100-AMIR
AMIR-BLU-MM-005-01,SR-A100-AMIR
AMIR-WTE-LL-006-01,SR-A100-AMIR
AMIR-WTE-MM-006-01,SR-A100-AMIR
NIKE-BLU-LL-001-01,SR-A100-NIKE
JNYA-RED-MM-002-01,SR-A100-JNYA
JNYA-RED-LL-002-01,SR-A100-JNYA
STIS-GRN-SS-010-01,SR-A100-STIS
STIS-GRN-MM-010-01,SR-A100-STIS
STIS-GRN-LL-010-01,SR-A100-STIS
STIS-GRN-XL-010-01,SR-A100-STIS
DVNN-BLU-MM-005-01,SR-A100-DVNN
DVNN-BLU-LL-005-01,SR-A100-DVNN
DVNN-BLU-MM-006-01,SR-A100-DVNN
DVNN-BLU-LL-006-01,SR-A100-DVNN
DVNN-BLU-XL-006-01,SR-A100-DVNN
ALDE-YLW-SS-004-01,SR-A100-ALDE
ALDE-YLW-MM-004-01,SR-A100-ALDE
ALDE-YLW-LL-004-01,SR-A100-ALDE
ALDE-BLK-SS-005-01,SR-A100-ALDE
ALDE-BLK-MM-005-01,SR-A100-ALDE
ALDE-BLK-LL-005-01,SR-A100-ALDE
LANY-BWN-SS-001-01,SR-A100-LANY
LANY-BWN-MM-001-01,SR-A100-LANY
LANY-BWN-LL-001-01,SR-A100-LANY
LANY-BLK-SS-002-01,SR-A100-LANY
LANY-BLK-MM-002-01
LANY-BLK-LL-002-01,SR-A100-LANY
LANY-YLW-SS-003-01,SR-A100-LANY
LANY-YLW-MM-003-01,SR-A100-LANY
LANY-YLW-LL-003-01,SR-A100-LANY
HEPR-WTE-SS-001-02
PLSR-RED-SS-004-02,SR-A100-PLSR
GUCC-BLK-MM-001-01
SCAI-BWN-MM-002-01
SCAI-BWN-LL-002-01,SR-A100-SCAI
JOEL-BLK-MM-001-01,SR-A100-JOEL
JOEL-BLK-LL-001-01,SR-A100-JOEL
CDGS-BLK-XL-006-01,SR-A100-CDGS
CDGS-BLU-XL-007-01,SR-A100-CDGS
CDGS-GRN-XL-008-01,SR-A100-CDGS
STIS-BLU-SS-007-01,SR-A100-STIS
BRDE-GRN-SS-001-01,SR-A100-BRDE
BRDE-GRN-MM-001-01,SR-A100-BRDE
BRDE-GRN-LL-001-01,SR-A100-BRDE
BRDE-BLU-SS-002-01
BRDE-BLU-MM-002-01
BRDE-BLU-LL-002-01,C-A100-0092
BRDE-YLW-LL-003-01,SR-A100-BRDE
BRDE-YLW-SS-003-01,SR-A100-BRDE
BRDE-WTE-SS-004-01,SR-A100-BRDE
BRDE-WTE-MM-004-01,SR-A100-BRDE
BRDE-WTE-LL-004-01,SR-A100-BRDE
HEPR-WTE-XL-001-01,SR-A100-HEPR
NIKE-BLU-MM-001-01
PRDA-BLU-XL-002-01,SR-A100-PRDA
CAVE-BLK-SS-006-01,SR-A100-CAVE
CAVE-BLK-MM-006-01,SR-A100-CAVE
CAVE-BLK-LL-006-01,SR-A100-CAVE
CAVE-RED-SS-007-01,SR-A100-CAVE
CAVE-RED-MM-007-01,SR-A100-CAVE
CAVE-RED-LL-007-01,SR-A100-CAVE
CAVE-RED-XL-007-01,SR-A100-CAVE
PRDA-GRN-SS-003-01,C-A100-0290
PRDA-GRN-MM-003-01,C-A100-0289
PRDA-GRN-LL-003-01,C-A100-0288
PRDA-GRN-XL-003-01,C-A100-0291
STIS-RED-LL-011-01,SR-A100-STIS
STIS-RED-XL-011-01,SR-A100-STIS
NANU-BWN-SS-001-01,SR-A100-NANU
NANU-BWN-MM-001-01,SR-A100-NANU
NANU-BWN-LL-001-01,SR-A100-NANU
Y3NY-BLK-SS-004-01,SR-A100-Y3NY
Y3NY-BLK-MM-004-01,SR-A100-Y3NY
Y3NY-BLK-LL-004-01,SR-A100-Y3NY
KENZ-BLK-SS-003-01,SR-A100-KENZ
KENZ-BLK-MM-003-01,SR-A100-KENZ
KENZ-BLK-LL-003-01,SR-A100-KENZ
KENZ-BLK-XL-003-01,SR-A100-KENZ
HEPR-BLK-SS-004-01,C-A100-0170
HEPR-BLK-MM-004-01,C-A100-0169
HEPR-BLK-LL-004-01,C-A100-0168
HEPR-BLK-XL-004-01,C-A100-0171
MACK-BLK-SS-001-01,SR-A100-MACK
MACK-BLK-MM-001-01,SR-A100-MACK
MACK-BLK-LL-001-01,SR-A100-MACK
HNVB-ORG-SS-001-01,SR-A100-HNVB
HNVB-ORG-MM-001-01,SR-A100-HNVB
HNVB-ORG-LL-001-01,SR-A100-HNVB
AMIP-ORG-MM-001-01,SR-A100-AMIP
AMIP-ORG-LL-001-01,SR-A100-AMIP
AMIP-ORG-XL-001-01,SR-A100-AMIP
PLTO-GRY-LL-002-01,SR-A100-PLTO
PLTO-GRY-XL-002-01,SR-A100-PLTO
OFFW-BLU-SS-002-01,SR-A100-OFFW
OFFW-BLU-MM-002-01,SR-A100-OFFW
OFFW-BLU-LL-002-01,SR-A100-OFFW
HRNO-BLU-MM-001-01
HRNO-BLU-LL-001-01,SR-A100-HRNO
HRNO-BLU-XL-001-01,SR-A100-HRNO
ELSE-BLK-SS-001-01,SR-A100-ELSE
ELSE-BLK-MM-001-01,SR-A100-ELSE
ELSE-BLK-LL-001-01,SR-A100-ELSE
ELSE-BLK-XL-001-01,SR-A100-ELSE
ELSE-RED-SS-002-01,SR-A100-ELSE
ELSE-RED-MM-002-01,SR-A100-ELSE
ELSE-RED-LL-002-01,SR-A100-ELSE
ELSE-RED-XL-002-01,SR-A100-ELSE
SDAY-PRP-SS-003-01,SR-A100-SDAY
SDAY-PRP-MM-003-01,SR-A100-SDAY
SDAY-PRP-LL-003-01,SR-A100-SDAY
SDAY-PRP-XL-003-01,SR-A100-SDAY
DAPA-BLU-SS-001-01,SR-A100-DAPA
DAPA-BLU-MM-001-01,SR-A100-DAPA
DAPA-BLU-LL-001-01,SR-A100-DAPA
DAPA-BLK-SS-002-01,SR-A100-DAPA
DAPA-BLK-MM-002-01,SR-A100-DAPA
DAPA-BLK-LL-002-01,SR-A100-DAPA
DAPA-BLK-XL-002-01,SR-A100-DAPA
DAPA-GRY-SS-003-01,SR-A100-DAPA
DAPA-GRY-MM-003-01,SR-A100-DAPA
DAPA-GRY-XL-003-01,SR-A100-DAPA
DAPA-GRY-LL-003-01,SR-A100-DAPA
DAPA-BLU-SS-004-01,SR-A100-DAPA
DAPA-BLU-MM-004-01,SR-A100-DAPA
DAPA-BLU-LL-004-01,SR-A100-DAPA
HRNO-BLU-SS-001-01
STIS-RED-MM-011-01,SR-A100-STIS
NOAH-BLK-XXL-001-01,C-A100-0238
AMBU-BLU-SS-005-01,SR-A100-AMBU
AMBU-BLU-MM-005-01,SR-A100-AMBU
AMBU-BLU-LL-005-01
ACNE-BLU-SS-015-01,SR-A100-ACNE
ACNE-BLU-MM-015-01,SR-A100-ACNE
ACNE-BLU-LL-015-01,SR-A100-ACNE
CPFM-YLW-SS-004-01,C-A100-0127
CPFM-YLW-MM-004-01,C-A100-0125
CPFM-YLW-LL-004-01,C-A100-0123
CPFM-YLW-XL-004-01,C-A100-0128
CPFM-GRN-SS-005-01,SR-A100-CPFM
CPFM-GRN-MM-005-01,SR-A100-CPFM
CPFM-GRN-LL-005-01,SR-A100-CPFM
OVAD-GRN-SS-001-01,C-A100-0276
OVAD-GRN-MM-001-01,C-A100-0275
OVAD-GRN-LL-001-01,C-A100-0274
OVAD-GRN-XL-001-01,C-A100-0277
KAYE-GRY-SS-002-01,SR-A100-KAYE
KAYE-GRY-MM-002-01,SR-A100-KAYE
KAYE-GRY-LL-002-01,SR-A100-KAYE
KAYE-BLK-SS-001-01,C-A100-0211
KAYE-BLK-MM-001-01,C-A100-0209
KAYE-BLK-LL-001-01,C-A100-0207
KAYE-BLK-SS-003-01,C-A100-0212
STUS-GRN-SS-006-01,SR-A100-STUS
STUS-GRN-MM-006-01,SR-A100-STUS
STUS-GRN-LL-006-01,SR-A100-STUS
OVAD-BWN-SS-002-01,C-A100-0273
KAYE-BLK-MM-003-01,C-A100-0210
KAYE-BLK-LL-003-01,C-A100-0208
OVAD-BWN-MM-002-01,C-A100-0340
MTRO-ORG-SS-003-01,SR-A100-MTRO
MTRO-ORG-MM-003-01,SR-A100-MTRO
MTRO-ORG-LL-003-01,SR-A100-MTRO
MTRO-RED-MM-004-01,SR-A100-MTRO
MTRO-RED-LL-004-01,SR-A100-MTRO
CPFM-GRN-XL-005-01,SR-A100-CPFM
RHUD-GRY-LL-002-01
RHUD-GRY-XL-002-01,C-A100-0299
ACNE-YLW-SS-011-01,SR-A100-ACNE
ACNE-YLW-MM-011-01,SR-A100-ACNE
ACNE-YLW-LL-011-01,SR-A100-ACNE
ACNE-YLW-XL-011-01,SR-A100-ACNE
ACNE-RED-SS-012-01,SR-A100-ACNE
ACNE-RED-MM-012-01,SR-A100-ACNE
ACNE-RED-LL-012-01,SR-A100-ACNE
ACNE-RED-XL-012-01,SR-A100-ACNE
AMBU-BLK-SS-004-01,C-A100-0069
AMBU-BLK-MM-004-01,C-A100-0068
AMBU-BLK-LL-004-01
ACNE-GRN-SS-013-01
ACNE-GRN-MM-013-01,SR-A100-ACNE
ACNE-GRN-LL-013-01,SR-A100-ACNE
ACNE-PRP-SS-014-01,SR-A100-ACNE
ACNE-PRP-MM-014-01,SR-A100-ACNE
ACNE-PRP-LL-014-01,SR-A100-ACNE
CAVE-GRN-SS-003-01,SR-A100-CAVE
CAVE-GRN-MM-003-01,SR-A100-CAVE
CAVE-GRN-LL-003-01,SR-A100-CAVE
CAVE-PRP-SS-004-01,SR-A100-CAVE
CAVE-PRP-MM-004-01,SR-A100-CAVE
CAVE-PRP-LL-004-01,SR-A100-CAVE
CAVE-PRP-XL-004-01,SR-A100-CAVE
SDAY-PRP-SS-004-01,SR-A100-SDAY
SDAY-PRP-MM-004-01,SR-A100-SDAY
SDAY-PRP-LL-004-01,SR-A100-SDAY
SDAY-PRP-XL-004-01,SR-A100-SDAY
BRDE-YLW-MM-005-01,C-A100-0096
BRDE-YLW-LL-005-01,C-A100-0095
BRDE-YLW-XL-005-01,C-A100-0097
MKIM-BLU-SS-001-01,C-A100-0202
MKIM-BLU-MM-001-01,C-A100-0217
MKIM-BLU-LL-001-01,C-A100-0216
MKIM-BLU-XL-001-01,C-A100-0219
JOEL-RED-SS-007-01,C-A100-0194
JOEL-RED-MM-007-01
JOEL-RED-LL-007-01,C-A100-0192
JOEL-RED-XL-007-01,C-A100-0195
NOAH-BLU-SS-003-01,C-A100-0241
NOAH-BLU-MM-003-01,C-A100-0071
NOAH-BLU-LL-003-01,C-A100-0239
STUS-BWN-SS-007-01,SR-A100-STUS
STUS-BWN-MM-007-01,SR-A100-STUS
STUS-BWN-LL-007-01,SR-A100-STUS
STUS-BWN-XL-007-01,SR-A100-STUS
STUS-BLK-SS-008-01,SR-A100-STUS
STUS-BLK-MM-008-01,SR-A100-STUS
AKOG-BLU-SS-001-01,SR-A100-AKOG
AKOG-BLU-MM-001-01,SR-A100-AKOG
AKOG-BLU-LL-001-01,SR-A100-AKOG
AKOG-BLK-MM-002-01
AKOG-BLK-LL-002-01,SR-A100-AKOG
AKOG-BLK-XL-002-01,SR-A100-AKOG
SDAY-BLK-SS-005-01,SR-A100-SDAY
SDAY-BLK-MM-005-01
SDAY-BLK-LL-005-01,SR-A100-SDAY
ACNE-WTE-MM-016-01,SR-A100-ACNE
ACNE-WTE-LL-016-01,SR-A100-ACNE
ACNE-WTE-XL-016-01,SR-A100-ACNE
TMBG-WTE-MM-001-01,SR-A100-TMBG
TMBG-WTE-LL-001-01,SR-A100-TMBG
TMBG-WTE-XL-001-01,SR-A100-TMBG
TMBG-WTE-XXL-001-01,SR-A100-TMBG
18ES-BLU-SS-001-01,SR-A100-18ES
18ES-BLU-MM-001-01,SR-A100-18ES
18ES-BLU-LL-001-01,SR-A100-18ES
18ES-BLU-MM-002-01,C-A100-0002
18ES-BLU-LL-002-01,C-A100-0001
18ES-BLU-XL-002-01,C-A100-0003
AKOG-GRY-SS-003-01,SR-A100-AKOG
AKOG-GRY-LL-003-01
AKOG-GRY-XL-003-01,SR-A100-AKOG
AKOG-BWN-MM-004-01,SR-A100-AKOG
AKOG-BWN-LL-004-01,SR-A100-AKOG
STUS-BLU-MM-009-01,SR-A100-STUS
STUS-BLU-LL-009-01,SR-A100-STUS
CRGR-BLK-MM-003-01,SR-A100-CRGR
CRGR-BLK-LL-003-01,SR-A100-CRGR
CRGR-RED-MM-004-01,SR-A100-CRGR
CRGR-RED-LL-004-01,SR-A100-CRGR
CRGR-GRN-MM-005-01,SR-A100-CRGR
CRGR-GRN-LL-005-01,SR-A100-CRGR
PRDA-BLU-SS-004-01
PRDA-BLU-MM-004-01,C-A100-0156
PRDA-BLK-SS-005-01
PRDA-BLK-MM-005-01
PRDA-BLK-LL-005-01
BRDE-GRN-SS-006-01,SR-A100-BRDE
BRDE-GRN-MM-006-01,SR-A100-BRDE
BRDE-GRN-LL-006-01,SR-A100-BRDE
BRDE-GRN-XL-006-01,SR-A100-BRDE
ALDE-PRP-SS-006-01,SR-A100-ALDE
ALDE-PRP-MM-006-01,SR-A100-ALDE
ALDE-PRP-LL-006-01,SR-A100-ALDE
NORF-RED-SS-002-01,SR-A100-NORF
NORF-RED-MM-002-01,SR-A100-NORF
NORF-RED-LL-002-01,SR-A100-NORF
NORF-RED-XL-002-01,SR-A100-NORF
18ES-BLK-SS-003-01,SR-A100-18ES
18ES-BLK-MM-003-01,SR-A100-18ES
18ES-BLK-LL-003-01,SR-A100-18ES
18ES-ORG-SS-004-01,SR-A100-18ES
18ES-ORG-MM-004-01,SR-A100-18ES
18ES-ORG-LL-004-01,SR-A100-18ES
BRDE-GRY-SS-007-01,SR-A100-BRDE
BRDE-GRY-MM-007-01,SR-A100-BRDE
BRDE-GRY-LL-007-01,SR-A100-BRDE
BRDE-GRY-XL-007-01,SR-A100-BRDE
HEPR-BLK-SS-005-01,SR-A100-HEPR
HEPR-BLK-MM-005-01,SR-A100-HEPR
HEPR-BLK-LL-005-01
FOGD-BWN-SS-003-01,C-A100-0152
FOGD-BWN-MM-003-01,C-A100-0151
ACNE-GRN-SS-017-01,SR-A100-ACNE
ACNE-GRN-MM-017-01,SR-A100-ACNE
ACNE-GRN-LL-017-01,SR-A100-ACNE
STIS-GRN-SS-011-01,SR-A100-STIS
STIS-GRN-MM-011-01,SR-A100-STIS
STIS-GRN-LL-011-01,SR-A100-STIS
STIS-GRN-XL-011-01,SR-A100-STIS
UNCV-BLK-LL-001-01,SR-A100-UNCV
UNCV-BLK-XL-001-01,SR-A100-UNCV
ACNE-BWN-SS-018-01,SR-A100-ACNE
ACNE-BWN-MM-018-01,SR-A100-ACNE
ACNE-BWN-LL-018-01,SR-A100-ACNE
ACNE-BWN-XL-018-01,SR-A100-ACNE
ENGM-BLK-SS-002-01,SR-A100-ENGM
ENGM-BLK-MM-002-01,SR-A100-ENGM
ENGM-BLK-LL-002-01,SR-A100-ENGM
CRGR-GRN-SS-006-01,C-A100-0131
CRGR-GRN-MM-006-01,C-A100-0130
CRGR-GRN-LL-006-01,C-A100-0129
CRGR-GRN-XL-006-01,C-A100-0132
OURL-BWN-SS-004-01,SR-A100-OURL
OURL-BWN-MM-004-01,SR-A100-OURL
OURL-BWN-LL-004-01,SR-A100-OURL
OURL-BWN-XL-004-01,SR-A100-OURL
STIS-GRN-SS-012-01,SR-A100-STIS
STIS-GRN-MM-012-01,SR-A100-STIS
STIS-GRN-LL-012-01,SR-A100-STIS
STIS-GRN-XL-012-01,SR-A100-STIS
JDYT-BLK-MM-001-01,C-A100-0176
JDYT-BLK-LL-001-01,C-A100-0175
JDYT-RED-MM-002-01,C-A100-0133
JDYT-RED-LL-002-01,C-A100-0227
STUS-YLW-SS-012-01,SR-A100-STUS
SNDO-RED-XL-003-01,SR-A100-SNDO
STUS-YLW-LL-012-01,SR-A100-STUS
STUS-YLW-XL-012-01,SR-A100-STUS
PRDA-BLK-MM-006-01
STUS-BWN-LL-010-01,SR-A100-STUS
STUS-BWN-MM-010-01,SR-A100-STUS
PRDA-BLK-LL-006-01
STUS-YLW-MM-012-01,SR-A100-STUS
STUS-GRN-XL-011-01,SR-A100-STUS
STUS-GRN-MM-011-01,SR-A100-STUS
STUS-GRN-SS-011-01,SR-A100-STUS
STUS-GRN-LL-011-01,SR-A100-STUS
RHUD-GRY-MM-002-01,C-A100-0298
PRDA-BLK-XL-006-01,SR-A100-PRDA
HEPR-WTE-LL-001-02,SR-A100-HEPR
CARH-BLK-MM-003-01,SR-A100-CARH
ALDE-GRN-MM-007-01,SR-A100-ALDE
NOAH-WTE-MM-005-01,SR-A100-NOAH
NOAH-BLK-LL-006-01,C-A100-0233
NOAH-BLU-SS-008-01,SR-A100-NOAH
NOAH-BLK-SS-006-01,C-A100-0237
NOAH-BWN-LL-007-01,C-A100-0246
NOAH-BWN-SS-007-01,C-A100-0248
MONC-BLK-LL-003-01,SR-A100-MONC
NOAH-BLU-XL-008-01,SR-A100-NOAH
ENGM-BLK-SS-003-01,SR-A100-ENGM
NOAH-BLU-MM-008-01,SR-A100-NOAH
NOAH-BLU-LL-008-01,C-A100-0343
MONC-BLK-MM-003-01
NOAH-WTE-LL-005-01,SR-A100-NOAH
ALDE-GRN-MM-008-01,C-A100-0345
CARH-BLK-SS-003-01,SR-A100-CARH
ENGM-BLK-XL-003-01,SR-A100-ENGM
ALDE-GRN-SS-007-01,SR-A100-ALDE
NOAH-BWN-XL-007-01,C-A100-0249
MONC-BLK-XL-003-01,SR-A100-MONC
CARH-BLK-XL-003-01,SR-A100-CARH
ENGM-BLK-LL-003-01,SR-A100-ENGM
NOAH-BWN-MM-007-01,C-A100-0247
NOAH-BLK-MM-006-01
ALDE-GRN-LL-008-01,C-A100-0047
ENGM-BLK-MM-003-01,SR-A100-ENGM
CARH-BLK-LL-003-01,SR-A100-CARH
NOAH-WTE-SS-005-01,SR-A100-NOAH
NOAH-WTE-XL-005-01,SR-A100-NOAH
ALDE-GRN-SS-008-01,C-A100-0051
NOAH-BLK-XL-004-01,SR-A100-NOAH
NOAH-BLK-MM-004-01,SR-A100-NOAH
NOAH-BLK-SS-004-01,SR-A100-NOAH
NOAH-BLK-LL-004-01,SR-A100-NOAH
ESNT-GRY-MM-001-01,SR-A100-ESNT
ESNT-GRY-SS-001-01,SR-A100-ESNT
ESNT-GRY-LL-001-01
ESNT-GRY-XL-001-01,SR-A100-ESNT
ALDE-YLW-SS-010-01,C-A100-0066
ALDE-BLK-LL-011-01,C-A100-0032
ALDE-YLW-LL-010-01,C-A100-0064
ALDE-YLW-MM-010-01,C-A100-0065
ALDE-PNK-MM-012-01,C-A100-0054
ALDE-BLK-MM-011-01,C-A100-0033
ALDE-BLU-SS-009-01,C-A100-0039
ALDE-BLU-XL-009-01,C-A100-0041
ALDE-BLK-SS-011-01,C-A100-0034
ALDE-BLU-LL-009-01,C-A100-0035
ALDE-PNK-LL-012-01,C-A100-0052
ALDE-BLU-MM-009-01,C-A100-0037
18ES-RED-3629-005-01,C-A100-0007
ACNE-WTE-3329-020-01,C-A100-0030
OURL-BLK-XL-006-01,C-A100-0267
RHUD-BLK-MM-004-01,C-A100-0934
AMIR-WTE-MM-010-01,C-A100-0090
ALDE-RED-3130-013-01,C-A100-0058
OURL-BLK-SS-006-01,C-A100-0266
ACNE-BLK-3132-021-01,C-A100-0010
MTRO-ORG-LL-003-02,SR-A100-MTRO
DEVA-BLU-LL-003-01,C-A100-0133
DVNN-GRN-3031-007-01,C-A100-0146
DVNN-BLU-3431-008-01,C-A100-0140
NOAH-BLK-3229-011-01,C-A100-0228
OURL-RED-MM-007-01,C-A100-0269
ORSL-BLU-3231-002-01
ORSL-BLU-2929-001-01,C-A100-0256
AMIR-GRY-MM-007-01,C-A100-0080
18ES-RED-3429-005-01,C-A100-0006
OURL-RED-XL-007-01,C-A100-0271
NOAH-BLK-3430-011-01,C-A100-0231
ALDE-PNK-MM-016-01,C-A100-0338
STIS-RED-LL-016-01,C-A100-0326
KLOR-BLU-3134-001-01,C-A100-0213
OURL-BLK-SS-005-01,C-A100-0265
CDGS-BLU-3631-010-01,C-A100-0112
DEVA-GRN-LL-002-01,C-A100-0136
NOAH-BLK-3429-012-01,C-A100-0230
DEVA-BLU-SS-003-01,C-A100-0135
CDGS-BLU-3531-010-01,C-A100-0111
PRDA-BLU-LL-008-01,C-A100-0346
JQMU-ORG-LL-002-01,C-A100-0203
NOAH-BWN-3028-009-01,C-A100-0242
HPIM-BLK-3127-001-01,C-A100-0172
STIS-BLU-3330-014-01,C-A100-0069
ACNE-BLK-3331-019-01
OURL-BLK-MM-006-01,C-A100-0264
JISA-BLK-3526-002-01,C-A100-0182
ORSL-BLU-3331-002-01,C-A100-0260
PRDA-BLK-3529-007-01,C-A100-0279
JISA-BLK-3630-003-01,C-A100-0183
NOAH-BLK-3028-012-01,C-A100-0226
KLOR-BLU-3335-001-01,C-A100-0214
ACNE-WTE-3328-020-01,C-A100-0029
18ES-RED-3428-005-01,C-A100-0005
JQMU-ORG-XL-002-01,C-A100-0206
ALDE-BLU-LL-015-01,C-A100-0036
OURL-BLK-MM-005-01,C-A100-0263
ACNE-BLK-3032-021-01,C-A100-0009
JOEL-GRN-3631-008-01,C-A100-0187
ALDE-GRN-3129-014-01
ACNE-WTE-3529-020-01,C-A100-0031
STIS-RED-MM-016-01,C-A100-0327
NBHD-BLK-3031-001-01,C-A100-0222
NOAH-GRN-3029-010-01,C-A100-0250
AMIR-GRY-LL-007-01,C-A100-0155
ALDE-RED-3230-013-01,C-A100-0059
18ES-RED-3228-005-01,C-A100-0004
JISA-BLK-3225-002-01,C-A100-0180
ALDE-GRN-3529-014-01,C-A100-0045
NOAH-GRN-3430-010-01,C-A100-0252
PRDA-BLU-MM-008-01,C-A100-0285
JOEL-GRN-3030-008-01,C-A100-0938
AMIR-GRY-SS-007-01,C-A100-0081
OURL-RED-SS-007-01,C-A100-0270
JISA-BLK-3731-003-01,C-A100-0184
GUCC-BWN-3427-004-01,C-A100-0063
KLOR-BLU-3436-001-01,C-A100-0215
NOAH-BLK-3029-011-01
NBHD-BLK-3532-001-01,C-A100-0224
PRDA-RED-MM-009-01,C-A100-0292
NBHD-BLK-3431-001-01,C-A100-0223
JQMU-BLU-MM-001-01,C-A100-0201
ACNE-BLK-2930-019-01,C-A100-0008
STIS-RED-XL-016-01,C-A100-0329
ACNE-BLK-3230-019-01,C-A100-0011
DVNN-BLU-3230-008-01,C-A100-0139
STIS-BLK-3330-013-01,C-A100-0308
PRDA-BLU-XL-008-01,C-A100-0287
ACNE-BLK-3232-021-01,C-A100-0012
ACNE-BLK-3232-021-02,C-A100-0013
JOEL-GRN-3331-008-01,C-A100-0186
OURL-BLK-LL-006-01,C-A100-0262
ALDE-BLU-SS-015-01,C-A100-0040
NOAH-BLK-3229-012-01,C-A100-0229
JQMU-BLU-SS-001-01,C-A100-0202
NOAH-BWN-3429-009-01,C-A100-0245
ALDE-BLU-MM-015-01
AMIR-PNK-MM-009-01,C-A100-0083
ORSL-BLU-3230-001-01,C-A100-0258
NOAH-GRN-3229-010-01,C-A100-0251
AMIR-RED-SS-008-01,C-A100-0087
NBHD-BLK-3633-001-01,C-A100-0225
JQMU-ORG-SS-002-01,C-A100-0205
STIS-PNK-LL-015-01,C-A100-0324
DEVA-BLU-MM-003-01
DVNN-GRN-3231-007-01,C-A100-0147
DVNN-GRN-3431-007-01,C-A100-0148
ALDE-PNK-LL-016-01,C-A100-0209
STIS-RED-SS-016-01,C-A100-0328
STIS-BLK-3129-013-01,C-A100-0306
STIS-BLK-3229-013-01,C-A100-0307
NOAH-BWN-3229-009-01,C-A100-0243
NOAH-BWN-3229-009-02,C-A100-0244
RHUD-BLK-SS-004-01,C-A100-0296
ALDE-BLU-XL-015-01,C-A100-0042
OURL-RED-LL-007-01,C-A100-0268
ALDE-PNK-XL-016-01,C-A100-0057
JQMU-ORG-MM-002-01,C-A100-0204
AMIR-RED-XL-008-01,C-A100-0088
STIS-BLU-3229-014-01
STIS-BLU-3229-014-02
GUCC-BWN-3227-004-01,C-A100-0939
HPIM-BLK-3327-001-01,C-A100-0173
JQMU-BLU-LL-001-01,C-A100-0200
DEVA-GRN-SS-002-01,C-A100-0138
OURL-BLK-LL-005-01,C-A100-0261
HPIM-BLK-3628-001-01,C-A100-0174
ALDE-GRN-3229-014-01,C-A100-0067
AMIR-RED-MM-008-01,C-A100-0349
ALDE-RED-3530-013-01,C-A100-0060
AMIR-PNK-SS-009-01,C-A100-0344
RHUD-BLK-LL-004-01
JISA-BLK-3430-003-01,C-A100-0181
JISA-BLK-3125-002-01,C-A100-0179
AMIR-PNK-LL-009-01
AMIR-RED-LL-008-01,C-A100-0085
AMIR-WTE-SS-010-01,C-A100-0091
ORSL-BLU-3130-002-01,C-A100-0257
DEVA-GRN-MM-002-01,C-A100-0137
ALDE-PNK-SS-016-01,C-A100-0056
CDGS-BLU-3430-010-01,C-A100-0110
DVNN-BLU-3631-008-01,C-A100-0141
PRDA-BLK-3328-007-01,C-A100-0278
PRDA-RED-SS-009-01,C-A100-0293
AMIR-WTE-LL-010-01,C-A100-0089
STIS-PNK-MM-015-01,C-A100-0325
JOEL-WTE-XL-010-01,C-A100-0199
JOEL-PNK-LL-009-01,C-A100-0188
JOEL-WTE-MM-010-01,C-A100-0197
JOEL-WTE-LL-010-01
JOEL-PNK-XL-009-01,C-A100-0191
JOEL-WTE-SS-010-01,C-A100-0198
JOEL-PNK-SS-009-01,C-A100-0190
JOEL-PNK-MM-009-01,C-A100-0189
DEVA-WTE-SS-004-01,C-A100-0337
DEVA-WTE-MM-004-01,C-A100-0338
DEVA-WTE-LL-004-01
STIS-WTE-3132-017-01,C-A100-0340
STIS-WTE-3232-017-01
ORSL-WTE-3029-003-01,C-A100-0342
ORSL-WTE-3130-003-01,C-A100-0343
ORSL-WTE-3331-003-01,C-A100-0344
ESNT-BLK-3131-002-01,C-A100-0066
ESNT-GRY-3131-003-01,C-A100-0346
ESNT-GRY-3231-003-01,C-A100-0347
NOAH-BLK-3030-013-01,C-A100-0348
NOAH-BLK-3230-013-01,C-A100-0349
NOAH-BLK-3432-013-01,C-A100-0350
DEVA-BLU-3027-005-01,C-A100-0351
DEVA-BLU-3227-005-01,C-A100-0352
DEVA-BLU-3427-005-01,C-A100-0353
STIS-RED-2927-018-01,C-A100-0354
STIS-RED-3228-018-01
STIS-RED-3429-018-01
STIS-RED-3630-018-01,C-A100-0357
STIS-WTE-3032-017-01,C-A100-0358
ESNT-BLK-3231-002-01,C-A100-0359
STUS-RED-SS-013-01
STUS-RED-MM-013-01
STUS-RED-LL-013-01,C-A100-0929
STUS-RED-XL-013-01
STUS-PRP-SS-014-01
STUS-PRP-MM-014-01
STUS-PRP-LL-014-01
STUS-PRP-XL-014-01
STUS-BLK-3028-015-01
STUS-BLK-3128-015-01
STUS-BLK-3429-015-01
STUS-BLK-3529-015-01
STUS-BLK-289-016-01
DEVA-BLU-SS-006-01
STUS-BLK-308-016-01
STUS-BLK-3210-016-01
DEVA-BLU-LL-006-01,C-A100-0933
DEVA-BLU-MM-006-01,C-A100-0337
DEVA-BLU-XS-006-01
STUS-GRN-289-017-01
STUS-GRN-3010-017-01
STUS-GRN-3110-017-01
STUS-GRN-3210-017-01
ALDE-BLU-306-017-01
DEVA-BWN-SS-007-01
DEVA-BWN-MM-007-01
DEVA-BWN-LL-007-01
ALDE-BLU-336-017-01
DEVA-BWN-XL-007-01
JQMU-WTE-MM-003-01,C-A100-0928
ALDE-BLU-346-017-01
JQMU-WTE-LL-003-01
JQMU-PNK-SS-004-01
JQMU-PNK-MM-004-01,C-A100-0070
JQMU-PNK-LL-004-01
JQMU-ORG-SS-005-01
JQMU-ORG-MM-005-01
ALDE-GRN-306-018-01
JQMU-ORG-LL-005-01
ALDE-GRN-326-018-01
ALDE-GRN-356-018-01
ALDE-PNK-308-019-01
ALDE-PNK-318-019-01,C-A100-0064
ALDE-PNK-348-019-01
ALDE-PNK-369-019-01
ALDE-BLU-308-020-01
ALDE-BLU-318-020-01
ALDE-BLU-348-020-01
ALDE-BLU-369-020-01
JOEL-BWN-308-011-01
JOEL-BWN-319-011-01
JOEL-BWN-339-011-01
RHUD-BLK-298-005-01
RHUD-BLK-308-005-01
RHUD-BLK-328-005-01
RHUD-RED-298-006-01
RHUD-RED-308-006-01,C-A100-0940
RHUD-RED-328-006-01
JOEL-WTE-289-013-01
JOEL-WTE-309-013-01
JOEL-WTE-329-013-01
JOEL-BLU-327-015-01
JOEL-BLU-348-015-01
JOEL-BLU-378-015-01
JQMU-ORG-325-008-01
JQMU-ORG-335-008-01
JQMU-ORG-345-008-01
JQMU-ORG-375-008-01
JOEL-BLK-SS-012-01
JOEL-BLK-MM-012-01
JOEL-BLK-LL-012-01,C-A100-0944
RHUD-ORG-SS-007-01
RHUD-ORG-MM-007-01,C-A100-0930
RHUD-ORG-LL-007-01
AMIR-WTE-SS-011-01
AMIR-WTE-MM-011-01
OFFW-YLW-SS-003-01
AMIR-WTE-LL-011-01
OFFW-YLW-MM-003-01
AMIR-PNK-SS-012-01
AMIR-PNK-MM-012-01
OFFW-YLW-LL-003-01
AMIR-PNK-LL-012-01,C-A100-0932
DVNN-WTE-SS-011-01
DVNN-BLK-SS-009-01
DVNN-WTE-MM-011-01
DVNN-BLK-MM-009-01
DVNN-WTE-LL-011-01
DVNN-BLK-LL-009-01
DVNN-BLK-MM-010-01,C-A100-0329
DVNN-BLK-XL-009-01
DVNN-BLK-LL-010-01
JQMU-ORG-SS-006-01
JQMU-GRN-SS-007-01
JQMU-ORG-MM-006-01
JQMU-GRN-MM-007-01
JQMU-ORG-LL-006-01,C-A100-0942
JQMU-GRN-LL-007-01
JQMU-ORG-XL-006-01
CDGS-WTE-LL-002-02
CDGS-BLK-LL-003-02
JOEL-BLK-327-014-01,C-A100-0945
JOEL-BLK-348-014-01,C-A100-0937
JOEL-BLK-378-014-01
JOEL-BWN-327-016-01
JOEL-BWN-348-016-01
JOEL-BWN-378-016-01
STIS-PNK-XL-015-01
CDGS-BLK-XL-003-01
UNCV-YLW-SS-004-01
UNCV-GRY-SS-003-01
CAVE-WTE-MM-008-01
VNTG-WTE-LL-005-01
VNTG-GRY-MM-004-01
VNTG-BLK-LL-003-01,DB-A100-C100
MMLN-YLW-MM-002-01
HPIM-GRN-3027-002-01
HPIM-GRN-3228-002-01
HPIM-GRN-3529-002-01
BURB-BLU-MM-004-01
STIS-GRN-3032-019-01
STIS-GRN-3233-019-01
STIS-GRN-3433-019-01
VNTG-PNK-MM-001-01
BURB-BLU-SS-003-01
RAFS-BLU-SS-001-01
UNCV-RED-LL-002-01
NBRN-BLK-SS-001-01
HPIM-BLK-MM-003-01
HPIM-BLK-LL-003-01
JDYT-BLK-3011-001-01
JDYT-BLK-3211-001-01
HPIM-BLU-328-004-01
HPIM-BLU-349-004-01
HPIM-GRN-328-005-01
HPIM-GRN-349-005-01
HPIM-RED-328-006-01
HPIM-RED-349-006-01
OURL-WTE-SS-008-01
OURL-WTE-MM-008-01
OURL-WTE-LL-008-01
OURL-WTE-XL-008-01
NOAH-BLU-2828-014-01
NOAH-BLU-3028-014-01
NOAH-BLU-3229-014-01
BODE-WTE-MM-002-01
BODE-BLU-SS-003-01
BODE-WTE-LL-004-01
BODE-ORG-LL-005-01
BODE-BLU-MM-006-01
BODE-PNK-MM-008-01
BODE-BWN-LL-009-01
BODE-BLU-MM-010-01
BODE-GRN-LL-007-01,C-A100-0935
BODE-BWN-LL-012-01
STUS-BLK-3110-016-01
VNTG-GRY-MM-002-01
VNTG-BLK-LL-006-01
VNTG-BLK-XL-007-01
VNTG-RED-LL-009-01
VNTG-GRN-XL-011-01
VNTG-BLK-XL-012-01
VNTG-BLU-XL-013-01
VNTG-BLK-XL-014-01
VNTG-WTE-SS-015-01
VNTG-BLK-XL-016-01
VNTG-GRN-LL-018-01
VNTG-WTE-XL-019-01
VNTG-BLK-MM-020-01
VNTG-WTE-LL-021-01
VNTG-BLK-XL-022-01
VNTG-BLK-MM-023-01
VNTG-WTE-XS-024-01
VNTG-BLK-SS-025-01
CDGS-WTE-SS-011-01
VNTG-WTE-XL-030-01
VNTG-WTE-MM-034-01
VNTG-BLU-XL-035-01
VNTG-BLK-LL-036-01
STUS-BLK-MM-018-01
VNTG-GRY-SS-039-01
VNTG-BLK-SS-040-01,DB-A100-C100
VNTG-WTE-MM-041-01
VNTG-BLK-MM-042-01
VNTG-WTE-XL-043-01
VNTG-WTE-MM-044-01
VNTG-YLW-LL-046-01
VNTG-BLU-MM-047-01
VNTG-WTE-SS-048-01
VNTG-WTE-MM-049-01
VNTG-BLK-SS-051-01
KPTL-WTE-XL-001-01
NBRN-RED-LL-002-01
VNTG-BLK-LL-038-01
RAFS-BLK-MM-002-01
RAFS-GRN-LL-003-01
KPTL-BWN-XL-003-01
KPTL-WTE-XXL-002-01
VNTG-WTE-SS-037-01
VNTG-BLK-SS-032-01
VNTG-BLK-SS-033-01
NBRN-GRY-LL-003-01
VNTG-BLK-MM-008-01
VNTG-WTE-XL-031-01
VNTG-BLU-XL-010-01
VNTG-BLK-MM-050-01
VNTG-WTE-MM-017-01
NDLS-RED-MM-001-01
VNTG-BLU-SS-045-01
BODE-WTE-MM-011-01
VNTG-GRY-SS-026-01
VNTG-BLK-MM-027-01
VNTG-BLU-SS-028-01
VNTG-BLK-SS-029-01
CSBA-PNK-SS-001-01
CSBA-PNK-MM-001-01
CSBA-PNK-LL-001-01
CSBA-PNK-XL-001-01
CSBA-PNK-3033-002-01
CSBA-PNK-3233-002-01
CSBA-PNK-3433-002-01
CSBA-PNK-SS-003-01
CSBA-PNK-MM-003-01
CSBA-PNK-MM-003-02
CSBA-PNK-LL-003-01
CSBA-PNK-LL-003-02
CSBA-PNK-XL-003-01
CSBA-BLU-SS-004-01
CSBA-BLU-MM-004-01
CSBA-BLU-MM-004-02
CSBA-BLU-LL-004-01
CSBA-BLU-LL-004-02
CSBA-WTE-SS-005-01
CSBA-WTE-MM-005-01
CSBA-WTE-LL-005-01
CSBA-WTE-SS-006-01
CSBA-WTE-MM-006-01
CSBA-WTE-MM-006-02
CSBA-WTE-LL-006-01
CSBA-WTE-LL-006-02
CSBA-WTE-XL-006-01
CSBA-WTE-MM-007-01
CSBA-WTE-MM-007-02
CSBA-GRN-SS-008-01
CSBA-GRN-MM-008-01
CSBA-GRN-MM-008-02
CSBA-GRN-LL-008-01
CSBA-GRN-LL-008-02
CSBA-GRN-XL-008-01
CSBA-BLU-SS-010-01
CSBA-BLU-MM-010-01
CSBA-BLU-LL-010-01
CSBA-BLU-LL-010-02
CSBA-BLU-XL-010-01
CSBA-BLU-SS-014-01
CSBA-BLU-MM-014-01
CSBA-BLU-LL-014-01
CSBA-BLU-XL-014-01
CSBA-WTE-SS-009-01
CSBA-WTE-MM-009-01
CSBA-WTE-MM-009-02
CSBA-WTE-LL-009-01
CSBA-WTE-LL-009-02
CSBA-WTE-XL-009-01
CSBA-BLU-287-011-01
CSBA-BLU-307-011-01
CSBA-BLU-307-011-02
CSBA-BLU-327-011-01
CSBA-GRN-287-012-01
CSBA-GRN-307-012-01
CSBA-GRN-307-012-02
CSBA-GRN-327-012-01
CSBA-BLU-287-013-01
CSBA-BLU-307-013-01
CSBA-BLU-307-013-02
CSBA-BLU-327-013-01
CSBA-BLU-347-013-01,C-A100-0983
